{
	"partitions" : [
		{
			"name" : "Top",
			"pins" : [
				{
					"name" : "content_enable_out[0]",
					"strict" : false
				},
				{
					"name" : "content_enable_out[1]",
					"strict" : false
				},
				{
					"name" : "content_enable_out[2]",
					"strict" : false
				},
				{
					"name" : "content_enable_out[3]",
					"strict" : false
				},
				{
					"name" : "content_enable_out[4]",
					"strict" : false
				},
				{
					"name" : "content_enable_out[5]",
					"strict" : false
				},
				{
					"name" : "content_enable_out[6]",
					"strict" : false
				},
				{
					"name" : "content_enable_out[7]",
					"strict" : false
				},
				{
					"name" : "content_enable_out[8]",
					"strict" : false
				},
				{
					"name" : "content_enable_out[9]",
					"strict" : false
				},
				{
					"name" : "instruction_address_out[0]",
					"strict" : false
				},
				{
					"name" : "instruction_address_out[1]",
					"strict" : false
				},
				{
					"name" : "instruction_address_out[2]",
					"strict" : false
				},
				{
					"name" : "instruction_address_out[3]",
					"strict" : false
				},
				{
					"name" : "instruction_address_out[4]",
					"strict" : false
				},
				{
					"name" : "instruction_address_out[5]",
					"strict" : false
				},
				{
					"name" : "instruction_address_out[6]",
					"strict" : false
				},
				{
					"name" : "instruction_address_out[7]",
					"strict" : false
				},
				{
					"name" : "instruction_address_out[8]",
					"strict" : false
				},
				{
					"name" : "instruction_address_out[9]",
					"strict" : false
				},
				{
					"name" : "instruction_address_out[10]",
					"strict" : false
				},
				{
					"name" : "data_address_out[0]",
					"strict" : false
				},
				{
					"name" : "data_address_out[1]",
					"strict" : false
				},
				{
					"name" : "data_address_out[2]",
					"strict" : false
				},
				{
					"name" : "data_address_out[3]",
					"strict" : false
				},
				{
					"name" : "data_address_out[4]",
					"strict" : false
				},
				{
					"name" : "data_address_out[5]",
					"strict" : false
				},
				{
					"name" : "data_address_out[6]",
					"strict" : false
				},
				{
					"name" : "data_address_out[7]",
					"strict" : false
				},
				{
					"name" : "data_address_out[8]",
					"strict" : false
				},
				{
					"name" : "data_address_out[9]",
					"strict" : false
				},
				{
					"name" : "data_address_out[10]",
					"strict" : false
				},
				{
					"name" : "vga_red_out[0]",
					"strict" : false
				},
				{
					"name" : "vga_red_out[1]",
					"strict" : false
				},
				{
					"name" : "vga_red_out[2]",
					"strict" : false
				},
				{
					"name" : "vga_red_out[3]",
					"strict" : false
				},
				{
					"name" : "vga_green_out[0]",
					"strict" : false
				},
				{
					"name" : "vga_green_out[1]",
					"strict" : false
				},
				{
					"name" : "vga_green_out[2]",
					"strict" : false
				},
				{
					"name" : "vga_green_out[3]",
					"strict" : false
				},
				{
					"name" : "vga_blue_out[0]",
					"strict" : false
				},
				{
					"name" : "vga_blue_out[1]",
					"strict" : false
				},
				{
					"name" : "vga_blue_out[2]",
					"strict" : false
				},
				{
					"name" : "vga_blue_out[3]",
					"strict" : false
				},
				{
					"name" : "h_sync_out",
					"strict" : false
				},
				{
					"name" : "v_sync_out",
					"strict" : false
				},
				{
					"name" : "clock_in",
					"strict" : false
				},
				{
					"name" : "instruction_memory_in[5]",
					"strict" : false
				},
				{
					"name" : "data_memory_in[5]",
					"strict" : false
				},
				{
					"name" : "cpu_content_in[5]",
					"strict" : false
				},
				{
					"name" : "instruction_memory_in[9]",
					"strict" : false
				},
				{
					"name" : "data_memory_in[9]",
					"strict" : false
				},
				{
					"name" : "cpu_content_in[9]",
					"strict" : false
				},
				{
					"name" : "instruction_memory_in[1]",
					"strict" : false
				},
				{
					"name" : "data_memory_in[1]",
					"strict" : false
				},
				{
					"name" : "cpu_content_in[1]",
					"strict" : false
				},
				{
					"name" : "instruction_memory_in[13]",
					"strict" : false
				},
				{
					"name" : "data_memory_in[13]",
					"strict" : false
				},
				{
					"name" : "cpu_content_in[13]",
					"strict" : false
				},
				{
					"name" : "instruction_memory_in[6]",
					"strict" : false
				},
				{
					"name" : "data_memory_in[6]",
					"strict" : false
				},
				{
					"name" : "cpu_content_in[6]",
					"strict" : false
				},
				{
					"name" : "instruction_memory_in[10]",
					"strict" : false
				},
				{
					"name" : "data_memory_in[10]",
					"strict" : false
				},
				{
					"name" : "cpu_content_in[10]",
					"strict" : false
				},
				{
					"name" : "instruction_memory_in[2]",
					"strict" : false
				},
				{
					"name" : "data_memory_in[2]",
					"strict" : false
				},
				{
					"name" : "cpu_content_in[2]",
					"strict" : false
				},
				{
					"name" : "instruction_memory_in[14]",
					"strict" : false
				},
				{
					"name" : "data_memory_in[14]",
					"strict" : false
				},
				{
					"name" : "cpu_content_in[14]",
					"strict" : false
				},
				{
					"name" : "instruction_memory_in[7]",
					"strict" : false
				},
				{
					"name" : "data_memory_in[7]",
					"strict" : false
				},
				{
					"name" : "cpu_content_in[7]",
					"strict" : false
				},
				{
					"name" : "instruction_memory_in[11]",
					"strict" : false
				},
				{
					"name" : "data_memory_in[11]",
					"strict" : false
				},
				{
					"name" : "cpu_content_in[11]",
					"strict" : false
				},
				{
					"name" : "instruction_memory_in[3]",
					"strict" : false
				},
				{
					"name" : "data_memory_in[3]",
					"strict" : false
				},
				{
					"name" : "cpu_content_in[3]",
					"strict" : false
				},
				{
					"name" : "instruction_memory_in[15]",
					"strict" : false
				},
				{
					"name" : "data_memory_in[15]",
					"strict" : false
				},
				{
					"name" : "cpu_content_in[15]",
					"strict" : false
				},
				{
					"name" : "instruction_memory_in[4]",
					"strict" : false
				},
				{
					"name" : "data_memory_in[4]",
					"strict" : false
				},
				{
					"name" : "cpu_content_in[4]",
					"strict" : false
				},
				{
					"name" : "instruction_memory_in[8]",
					"strict" : false
				},
				{
					"name" : "data_memory_in[8]",
					"strict" : false
				},
				{
					"name" : "cpu_content_in[8]",
					"strict" : false
				},
				{
					"name" : "instruction_memory_in[0]",
					"strict" : false
				},
				{
					"name" : "data_memory_in[0]",
					"strict" : false
				},
				{
					"name" : "cpu_content_in[0]",
					"strict" : false
				},
				{
					"name" : "instruction_memory_in[12]",
					"strict" : false
				},
				{
					"name" : "data_memory_in[12]",
					"strict" : false
				},
				{
					"name" : "cpu_content_in[12]",
					"strict" : false
				}
			]
		}
	]
}